{"cameraMode":{"drawMode":0,"name":"Shaded","section":"Shading Mode"},"sceneLighting":true,"audioPlay":false,"sceneViewState":{"m_AlwaysRefresh":false,"showFog":true,"showSkybox":true,"showFlares":true,"showImageEffects":true,"showParticleSystems":true,"showVisualEffectGraphs":true,"m_FxEnabled":true},"in2DMode":false,"pivot":{"x":0.2533626854419708,"y":1.2235970497131348,"z":3.2595362663269045},"rotation":{"x":-0.05125978961586952,"y":-0.032354600727558139,"z":0.0016612921608611942,"w":-0.998152494430542},"size":1.869383692741394,"orthographic":false}